source,author,headline,description,url,published_at,content,company
"{'id': None, 'name': '[Removed]'}",,[Removed],[Removed],https://removed.com,2024-11-13 23:47:16+00:00,[Removed],TESLA
"{'id': None, 'name': 'Theregister.com'}",Iain Thomson,Here's how a Trump presidency could change the tech industry,"Anything could happen in the next half ... decade Kettle  Despite countless warnings that the US presidential election would lead to a months-long battle, with a decisive win by Donald Trump and his party, we can immediately look ahead to how the next four ye…",https://www.theregister.com/2024/11/13/president_trump_tech/,2024-11-13 23:30:31+00:00,"Kettle Despite countless warnings that the US presidential election would lead to a months-long battle, with a decisive win by Donald Trump and his party, we can immediately look ahead to how the nex… [+4149 chars]",TESLA
"{'id': None, 'name': 'Biztoc.com'}",semafor.com,China eyes Musk-Trump relationship,"The News
Beijing is keeping an eye on Elon Musk’s closeness to US President-elect Donald Trump. Musk has considerable business interests in China through his electric vehicle company Tesla, making him one of the few people in the world with a line to both Tru…",https://biztoc.com/x/9305d20b699083a7,2024-11-13 23:21:19+00:00,"The NewsBeijing is keeping an eye on Elon Musks closeness to US President-elect Donald Trump. Musk has considerable business interests in China through his electric vehicle company Tesla, making him … [+139 chars]",TESLA
"{'id': 'abc-news', 'name': 'ABC News'}",MATT O'BRIEN AND TOM KRISHER AP business writers,Elon Musk says he and Trump have 'mandate to delete' regulations. Ethics laws could limit Musk role,"Choosing billionaire Elon Musk to be what President-elect Donald Trump calls “our cost cutter” for the U.S. government, is not the first time an American president has empowered a business tycoon to look for ways to dramatically cut federal regulations",https://abcnews.go.com/Technology/wireStory/elon-musk-trump-mandate-delete-regulations-ethics-laws-115841150,2024-11-13 23:18:33+00:00,"In picking billionaire Elon Musk to be our cost cutter for the U.S. government, President-elect Donald Trump won't be the first American president to empower a business tycoon to look for ways to dra… [+7044 chars]",TESLA
"{'id': 'abc-news', 'name': 'ABC News'}",MATT O'BRIEN AND TOM KRISHER AP business writers,Elon Musk says he and Trump have 'mandate to delete' regulations. Ethics laws could limit Musk role,"Choosing billionaire Elon Musk to be what President-elect Donald Trump calls “our cost cutter” for the U.S. government, is not the first time an American president has empowered a business tycoon to look for ways to dramatically cut federal regulations",https://abcnews.go.com/Business/wireStory/elon-musk-trump-mandate-delete-regulations-ethics-laws-115841149,2024-11-13 23:18:32+00:00,"In picking billionaire Elon Musk to be our cost cutter for the U.S. government, President-elect Donald Trump won't be the first American president to empower a business tycoon to look for ways to dra… [+7044 chars]",TESLA
"{'id': 'abc-news', 'name': 'ABC News'}",MATT O'BRIEN AND TOM KRISHER AP business writers,Elon Musk says he and Trump have 'mandate to delete' regulations. Ethics laws could limit Musk role,"Choosing billionaire Elon Musk to be what President-elect Donald Trump calls “our cost cutter” for the U.S. government, is not the first time an American president has empowered a business tycoon to look for ways to dramatically cut federal regulations",https://abcnews.go.com/Politics/wireStory/elon-musk-trump-mandate-delete-regulations-ethics-laws-115841148,2024-11-13 23:18:30+00:00,"In picking billionaire Elon Musk to be our cost cutter for the U.S. government, President-elect Donald Trump won't be the first American president to empower a business tycoon to look for ways to dra… [+7044 chars]",TESLA
"{'id': None, 'name': 'Drive.com.au'}",Damion Smy,"Hertz loses $2 billion, largely because of electric cars",Hertz has posted its fourth loss in a row as it slashes its fleet of Tesla and Polestar electric cars.,https://www.drive.com.au/news/hertz-loses-2-billion-on-electric-cars/,2024-11-13 23:15:44+00:00,"Contributing to the used value decline has been the reduction in new-car prices of electric vehicles in the US, with Tesla repeatedly slashing new vehicle prices, something it has done elsewhere incl… [+15 chars]",TESLA
"{'id': None, 'name': '[Removed]'}",,[Removed],[Removed],https://removed.com,2024-11-13 23:15:24+00:00,[Removed],TESLA
"{'id': None, 'name': 'TheWrap'}",Josh Dickey,"Elon Musk Suffers ‘Humiliating Demotion’ With Trump’s DOGE Appointment, Lawrence O’Donnell Says: ‘Going to Fail Miserably’","The MSNBC anchor mocks Musk's joint press release and suggests the X owner won't last 18 months
The post Elon Musk Suffers ‘Humiliating Demotion’ With Trump’s DOGE Appointment, Lawrence O’Donnell Says: ‘Going to Fail Miserably’ appeared first on TheWrap.",https://www.thewrap.com/elon-musk-demotion-trump-doge-appointment-lawrence-odonnell-msnbc/,2024-11-13 23:04:13+00:00,"Lawrence ODonnell flipped the script on Donald Trumps appointment of Elon Musk to the not-yet-officially-existent Department of Government Efficiency, with the bitterly anti-Trump MSNBC anchor callin… [+2330 chars]",TESLA
"{'id': None, 'name': 'New York Post'}",Fox Business,Elon Musk renews calls to defund NPR after controversial clip of CEO resurfaces,Elon Musk on Tuesday renewed calls to defund NPR after a controversial video of its CEO questioning the importance of truth resurfaced online.,https://nypost.com/2024/11/13/media/elon-musk-renews-calls-to-defund-npr-after-controversial-clip-of-ceo-resurfaces/,2024-11-13 23:03:57+00:00,"Elon Musk on Tuesday renewed calls to defund NPR after a controversial video of its CEO questioning the importance of truth resurfaced online.
Footage of NPR CEO Katherine Maher from an August 2021 … [+2935 chars]",TESLA
"{'id': None, 'name': 'Rolling Stone'}",Miles Klee,Elon Musk’s Dumb History With the ‘Doge’ Meme His Govt. Office Is Named After,"Elon Musk has long boosted Dogecoin, a cryptocurrency based on a meme of a Shiba Inu — could now be the name of a government office under Trump.",http://www.rollingstone.com/culture/culture-features/elon-musk-doge-meme-history-trump-1235165004/,2024-11-13 23:03:31+00:00,"In a historic and embarrassing first, an old Reddit meme may become an actual government agency in Donald Trump‘s second term as president, thanks to Elon Musk. Months before Trump’s reelection, the … [+7510 chars]",TESLA
"{'id': None, 'name': 'Decrypt'}",Mathew Di Salvo,"Elon Musk Praises Dogecoin Inflation Rate: 'Feature, Not a Bug'","Elon Musk said Wednesday that Dogecoin's odd tokenomics actually work in the meme coin's favor, which one DOGE founder agreed with.",https://decrypt.co/291513/elon-musk-praises-dogecoin-inflation,2024-11-13 22:58:21+00:00,"Elon Musk isnt backing down when it comes to Dogecoin. 
The worlds richest man and soon-to-be U.S. government employeesaid on Twitter (aka X) that the joke cryptocurrencys inflationary model is a fe… [+2876 chars]",TESLA
"{'id': None, 'name': 'Ozbargain.com.au'}",josull27,"EV charger deal - $600 off Wallbox Pulsar Plus and installation at revcharge, discount available on lots of chargers incl. Tesla","revcharge are running great deals for Black Friday until 6th December

$600 off Wallbox Pulsar Plus charger with installation
$50 off all Tesla Wall Connectors 
$200 off all Zappi, Ohme or Wallbox Pulsar Max EV chargers
$500 off all Wallbox Pulsar Plus charge…",https://www.ozbargain.com.au/node/876757,2024-11-13 22:53:17+00:00,"Wallbox Pulsar Plus is an older / discontinued model. However its apparently not too much different to the Pulsar Max.
Pick of the bunch would probably be the Zappi.
Worth mentioning that RevCharge… [+162 chars]",TESLA
"{'id': None, 'name': 'New Zealand Herald'}",Audrey Young,KCs join growing opposition to Treaty Principles Bill; Chris Hipkins delivers a hat-trick: Audrey Young,OPINION: Protesters have some heavyweight legal experts on their side.,https://www.nzherald.co.nz/nz/politics/kcs-join-growing-opposition-to-treaty-principles-bill-chris-hipkins-delivers-a-hat-trick-audrey-young/FVQGNXNNNRFHVDXKNCWJNWHV4U/,2024-11-13 22:50:54+00:00,"But the KCs make a convincing argument that the bill, if passed, would change the effect of the Treaty in law.
The effect of article two of Seymours principles recognises Mori rights at 1840 only wh… [+7832 chars]",TESLA
"{'id': None, 'name': 'Biztoc.com'}",arstechnica.com,"Tesla is recalling 2,431 Cybertrucks, and this time there’s no software fix","Tesla has issued yet another recall for the angular, unpainted Cybertruck. This is the sixth recall affecting the model-year 2024 Cybertruck to be issued since January, and it affects 2,431 vehicles in total. And this time, there's no fix being delivered by a…",https://biztoc.com/x/f5cc6736affa1df7,2024-11-13 22:37:09+00:00,"Tesla has issued yet another recall for the angular, unpainted Cybertruck. This is the sixth recall affecting the model-year 2024 Cybertruck to be issued since January, and it affects 2,431 vehicles … [+153 chars]",TESLA
"{'id': None, 'name': 'Quartz India'}",William Gavin,"Tesla is now worth more than GM, Ford, Toyota, and other car companies — combined","Tesla (TSLA) stock has been on a tear lately, reaching a $1 trillion market capitalization. The company is now bigger than a solid chunk of other major auto companies — combined.Read more...",https://qz.com/tesla-value-market-cap-elon-musk-donald-trump-1851697794,2024-11-13 22:32:00+00:00,"In This Story
Tesla (TSLA+0.56%
) stock has been on a tear lately, reaching a $1 trillion market capitalization. The company is now bigger than a solid chunk of other major auto companies combined.… [+2800 chars]",TESLA
"{'id': 'business-insider', 'name': 'Business Insider'}","Geoff Weiss,Grace Eliza Goodwin",Elon Musk's promise of an 'epic' leaderboard of 'dumb' government spending reveals his marketing savvy,Elon Musk wants to gamify the act of slashing government spending. Experts say it will get people to pay attention — but also carries risks.,https://www.businessinsider.com/elon-musk-leaderboard-government-spending-marketing-genius-doge-donald-trump-2024-11,2024-11-13 22:24:57+00:00,"Patrick Pleul / Pool/ AFP via Getty Images; iStock; Rebecca Zisser/BI
<ul><li>Elon Musk says a leaderboard of ""dumb"" government spending will expose waste — and he wants your two cents.</li><li>Expe… [+5847 chars]",TESLA
"{'id': None, 'name': '[Removed]'}",,[Removed],[Removed],https://removed.com,2024-11-13 22:23:56+00:00,[Removed],TESLA
"{'id': None, 'name': 'Boston Herald'}",Associated Press,Bull doge! Dogecoin soars as Trump announces a government efficiency group nicknamed DOGE,"Dogecoin, the cryptocurrency whose mascot is a super-cute dog that muses things like “much wow,” has been surging in value since Donald Trump won the presidential election last week.",https://www.bostonherald.com/2024/11/13/dogecoin-soars-government-efficiency-group-doge/,2024-11-13 22:22:11+00:00,"By STAN CHOE
NEW YORK (AP) — Wow, much bull market.
Dogecoin, the cryptocurrency whose mascot is a super-cute dog that muses things like “much wow,” has been surging in value since Donald Trump won… [+3102 chars]",TESLA
"{'id': None, 'name': 'Biztoc.com'}",investopedia.com,"Why Dogecoin Now Has a Larger Market Cap Than Ford, Delta, and General Mills","Key Takeaways
- Amid the post-election cryptocurrency rally, dogecoin's market value has surpassed that of companies like Ford and General Mills.
- Tesla CEO Elon Musk has repeatedly promoted dogecoin and spent millions in support of President-elect Donald Tr…",https://biztoc.com/x/f3ac9b06a97613d1,2024-11-13 22:15:27+00:00,"Key Takeaways- Amid the post-election cryptocurrency rally, dogecoin's market value has surpassed that of companies like Ford and General Mills.- Tesla CEO Elon Musk has repeatedly promoted dogecoin … [+152 chars]",TESLA
"{'id': None, 'name': 'NPR'}",Danielle Kurtzleben,"Trump tapped Elon Musk for 'DOGE,' but only Congress can create a new federal agency","President-elect Trump has tapped Tesla and SpaceX CEO Elon Musk to lead what he's calling the ""Department of Government Efficiency,"" or DOGE. Still, only Congress can create a new federal agency.",https://www.npr.org/2024/11/13/nx-s1-5189453/trump-tapped-elon-musk-for-doge-but-only-congress-can-create-a-new-federal-agency,2024-11-13 22:13:42+00:00,"President-elect Trump has tapped Tesla and SpaceX CEO Elon Musk to lead what he's calling the ""Department of Government Efficiency,"" or DOGE. Still, only Congress can create a new federal agency.",TESLA
"{'id': 'wired', 'name': 'Wired'}",Angela Watercutter,The US Election Is Tearing BookTok Apart,"One of TikTok's defining subcultures is arguing over whether books are political, ""red-listing"" authors, and looking for guidance in speculative fiction.",https://www.wired.com/story/booktok-is-currently-embroiled-in-a-battle-over-the-us-election/,2024-11-13 22:13:01+00:00,TikTok creator @lizabookrecs had a question: When did BookTok become political? It was in the hours after Donald Trump had won the election for US president and the subset of TikTok that likes to tal… [+3158 chars],TESLA
"{'id': None, 'name': ""Tom's Hardware UK""}",Anton Shilov,Softbank plans to build first Nvidia Blackwell-based AI supercomputer using x86 DGX B200 servers,Softbank's telecom arm to build AI supercomputer based on Nvidia's DGX B200 servers.,https://www.tomshardware.com/tech-industry/artificial-intelligence/softbank-plans-to-build-first-nvidia-blackwell-based-ai-supercomputer-using-x86-dgx-b200-servers,2024-11-13 21:58:09+00:00,"SoftBank Group plans to build the industry's first Nvidia Blackwell-based AI supercomputer, according to an announcement at Nvidia's AI Summit in Tokyo this week. This announcement confirms SoftBank'… [+2910 chars]",TESLA
"{'id': None, 'name': 'Biztoc.com'}",hollywoodreporter.com,Nelson Peltz Says That He Connected Elon Musk With Donald Trump: “I Was a Matchmaker”,"The activist investor Nelson Peltz says that he reconnected Tesla CEO Elon Musk to President-elect Donald Trump, hosting the two of them for breakfast at his home in the late spring, months before Musk began to support his campaign.
Speaking at CNBC’s Deliver…",https://biztoc.com/x/ed52eb853ef9f643,2024-11-13 21:42:14+00:00,"The activist investor Nelson Peltz says that he reconnected Tesla CEO Elon Musk to President-elect Donald Trump, hosting the two of them for breakfast at his home in the late spring, months before Mu… [+161 chars]",TESLA
"{'id': 'the-irish-times', 'name': 'The Irish Times'}",,"The Guardian leaves X, calling it a ‘toxic media platform’",News outlet cites 'often disturbing content promoted or found on the platform' and says US election 'underlined' its decision,https://www.irishtimes.com/world/uk/2024/11/13/the-guardian-leaves-x-calling-it-a-toxic-media-platform/,2024-11-13 21:36:35+00:00,"The Guardian newspaper has announced it will stop posting on X, formerly Twitter, describing the social media platform as toxic.
The news outlet wrote on its website on Wednesday that it had conside… [+2040 chars]",TESLA
"{'id': None, 'name': 'Trendingger.com'}",Trendiggity,[Memes] President-Elect Donald Trump Taps Elon Musk To Run Newly Coined ‘DOGE’,"US President-elect Donald Trump has enlisted Elon Musk and former presidential candidate Vivek Ramaswamy to lead the newly created Department of Government Efficiency (DOGE). The appointment, announced November 12, 2024, puts two business figures at the helm …",https://web.trendingger.com/topic/28-memes-president-elect-donald-trump-taps-elon-musk-to-run-newly-coined-department-of-government-efficiency%E2%80%94doge-for-short/,2024-11-13 21:35:04+00:00,"US President-elect Donald Trump has enlisted Elon Musk and former presidential candidate Vivek Ramaswamy to lead the newly created Department of Government Efficiency (DOGE). The appointment, announc… [+1830 chars]",TESLA
"{'id': 'abc-news', 'name': 'ABC News'}",STAN CHOE AP business writer,Bull doge! Dogecoin soars as Trump announces a government efficiency group nicknamed DOGE,Dogecoin has raced higher in value since Donald Trump won the presidential election,https://abcnews.go.com/Technology/wireStory/bull-doge-dogecoin-soars-trump-announces-government-efficiency-115823892,2024-11-13 21:34:29+00:00,"NEW YORK -- Wow, much bull market.
Dogecoin, the cryptocurrency whose mascot is a super-cute dog that muses things like much wow, has been racing higher in value since Donald Trump won the president… [+2808 chars]",TESLA
"{'id': None, 'name': 'Popular Science'}",Mack DeGeurin,"Goodbye, annoying touchscreens. Welcome back, buttons?","Why some carmakers are bringing back your beloved knobs.
The post Goodbye, annoying touchscreens. Welcome back, buttons? appeared first on Popular Science.",https://www.popsci.com/technology/car-buttons/,2024-11-13 21:33:45+00:00,"For years, car safety experts and everyday drivers have bemoaned the loss of the humble button. Modern cars have almost unilaterally replaced dashboards full of tactile knobs with sleek, iPad-like di… [+6314 chars]",TESLA
"{'id': None, 'name': 'Biztoc.com'}",investopedia.com,"Tesla Stock Price Levels to Watch After Post-Election Surge, Musk's DOGE Appointment","Key Takeaways
- Tesla shares have surged since Donald Trump's election last week, amid investor hopes that CEO Elon Musk's close ties with the president-elect will benefit the company.
- Trump has tapped Musk to co-lead a newly created Department of Governmen…",https://biztoc.com/x/6913fbd7ec058893,2024-11-13 21:31:02+00:00,"Key Takeaways- Tesla shares have surged since Donald Trump's election last week, amid investor hopes that CEO Elon Musk's close ties with the president-elect will benefit the company.- Trump has tapp… [+150 chars]",TESLA
"{'id': 'business-insider', 'name': 'Business Insider'}",Laura Italiano,Judge explains why he handed Elon Musk his $1 million-a-day sweepstakes win,A Philadelphia judge has explained why he didn't shut down Musk's $1M-a-day sweepstakes last week.,https://www.businessinsider.com/elon-musks-1m-swing-state-sweepstakes-was-never-a-lottery-2024-11,2024-11-13 21:21:31+00:00,"Tesla CEO Elon Musk.Steve Granitz/FilmMagic via Getty Images
<ul><li>A Philadelphia judge has explained why he didn't shut down Musk's $1 million-a-day sweepstakes.</li><li>Pennsylvania officials ha… [+3046 chars]",TESLA
"{'id': None, 'name': 'Wonkette.com'}",Evan Hurst,It's A Great Day For ALL OF US To F*ck Off Twitter/X Forever,"Sorry about what Trump just did to you, Elon.",https://www.wonkette.com/p/its-a-great-day-for-all-of-us-to,2024-11-13 21:20:54+00:00,"Weve been reacting with a combination of horror, giggles, and occasionally something that almost feels like pity to Donald Trumps selections for his new Cabinet. Kristi Noem will protect the Homeland… [+7185 chars]",TESLA
"{'id': None, 'name': 'HuffPost'}",Sara Boboltz,Donald Trump And Elon Musk Sure Are Spending A Lot Of Time Together,"""Elon won't go home,"" Trump reportedly joked to Republicans.",https://www.huffpost.com/entry/donald-trump-elon-musk-spending-a-lot-of-time-together_n_6734f4e1e4b0958bad3de251,2024-11-13 21:16:44+00:00,"During his first visit to Washington since becoming president-elect, Donald Trump reportedly remarked on all the time he has been spending with the billionaire tech CEO Elon Musk.
Elon wont go home.… [+4414 chars]",TESLA
"{'id': None, 'name': 'The Root'}",Candace McDuffie,"Black Folks Are Asking Is it Time To Leave Black Twitter For Real Now That Elon Musk, Trump Are Working Together","On Tuesday, President-elect Donald Trump announced that Tesla CEO and X owner Elon Musk would co-lead the unofficial Department of Government Efficiency with Vivek Ramaswamy. Musk purchased X back in 2022 and since owning the company, all hell has broken loos…",https://www.theroot.com/black-folks-is-it-time-to-leave-x-and-black-twitter-be-1851697908,2024-11-13 21:06:00+00:00,"On Tuesday, President-elect Donald Trump announced that Tesla CEO and X owner Elon Musk would co-lead the unofficial Department of Government Efficiency with Vivek Ramaswamy. Musk purchased X back in… [+2285 chars]",TESLA
"{'id': None, 'name': 'CNA'}",,How Musk's US government efficiency panel might work,WASHINGTON: President-elect Donald Trump has tasked billionaire Tesla CEO Elon Musk with setting up a panel to streamline the US government. Although Trump has said little about how this group would ope,https://www.channelnewsasia.com/world/how-musks-us-government-efficiency-panel-might-work-4747266,2024-11-13 21:04:59+00:00,"In February 1982, former President Ronald Reagan announced he would form a group of private sector experts to recommend ways to eliminate inefficiency and waste. That June, his executive order formed… [+1306 chars]",TESLA
"{'id': None, 'name': 'Jalopnik'}",Amber DaSilva,Watch A Drag Race Between (3 Of) The Quickest Production Cars On Earth,"If you want your car to have all-out straight line speed, your best move now is to get the instant-on torque of an EV — but which EV? To help you through this truly difficult and oh-so-common buying question, the folks over at DragTimes have compiled a helpfu…",https://jalopnik.com/watch-a-drag-race-between-3-of-the-quickest-productio-1851697868,2024-11-13 21:01:00+00:00,"If you want your car to have all-out straight line speed, your best move now is to get the instant-on torque of an EV but whichEV? To help you through this truly difficult and oh-so-common buying que… [+989 chars]",TESLA
"{'id': None, 'name': 'The Atlantic'}",Marina Koren,What to Expect From Elon Musk’s Government Makeover,Welcome to the “move fast and break things” administration.,https://www.theatlantic.com/science/archive/2024/11/elon-musk-doge-government-efficiency-spacex/680642/,2024-11-13 20:48:35+00:00,"As promised, Donald Trump has given Elon Musk a job in (or at least adjacent to) his second administration, in a brand-new extragovernmental organization named for a meme turned cryptocurrency: the D… [+6593 chars]",TESLA
"{'id': None, 'name': 'Pypi.org'}",support@ag2.ai,ag2 0.3.2,A programming framework for agentic AI,https://pypi.org/project/ag2/,2024-11-13 20:35:04+00:00,"Cite paper.
[!IMPORTANT]
:fire: :tada: Nov 11, 2024: We are evolving AutoGen into AG2! A new organization ag2ai is created to host the development of AG2 and related projects with open governance. … [+8936 chars]",TESLA
"{'id': None, 'name': 'Deadline'}",jillg366,Nelson Peltz Says He Played “Matchmaker” For Elon Musk And Donald Trump; Blames “Index Funds” For Losing Disney Proxy Battle,"Investor Nelson Peltz believes he “played matchmaker” for Donald Trump and Elon Musk at a breakfast together in late spring with Peltz’ son Diesel. He says he’s friends with the Tesla billionaire, who was recently named the president elect’s cost-cutter-in-ch…",http://deadline.com/2024/11/nelson-peltz-elon-musk-donald-trump-disney-proxy-fight-bob-iger-1236175329/,2024-11-13 20:33:20+00:00,"Investor Nelson Peltz believes he “played matchmaker” for Donald Trump and Elon Musk at a breakfast together in late spring with Peltz’ son Diesel. He says he’s friends with the Tesla billionaire, wh… [+2576 chars]",TESLA
"{'id': 'business-insider', 'name': 'Business Insider'}",Ana Altchek,"The 'Doge' dog meme that Elon Musk loves, explained in 1 minute","Elon Musk frequently references ""Doge,"" an internet meme from the 2010s based on a photo of a Shiba Inu dog with Comic Sans text overlaid on top.",https://www.businessinsider.com/doge-meme-history-elon-musk-2024-11,2024-11-13 20:33:02+00:00,"The Department of Government Efficiency, suggested by Musk, has the acronym of one of the billionaire's favorite memes and cryptocurrencies.NurPhoto/Jabin Botsford/The Washington Post/Getty
<ul><li>… [+2364 chars]",TESLA
"{'id': None, 'name': 'Politicalwire.com'}",Taegan Goddard,Inside Elon Musk’s Role on Trump’s Transition,"Wall Street Journal: ""The two men have been inseparable over the past week at Mar-a-Lago, where the Tesla chief executive has become such a fixture that Trump has given him his own 'walk-on song' for the DJ to play when he enters the dining room: David Bowie’…",https://politicalwire.com/2024/11/13/inside-elon-musks-role-on-trumps-transition/,2024-11-13 20:21:42+00:00,"“There are a lot of blogs and news sites claiming to understand politics, but only a few actually do. Political Wire is one of them.”
 Chuck Todd, host of “Meet the Press”
“Concise. Relevant. To th… [+594 chars]",TESLA
"{'id': 'techradar', 'name': 'TechRadar'}",lance.ulanoff@futurenet.com (Lance Ulanoff),I sat inside an Afeela and I am so ready for this Sony Honda Mobility EV future,"We finally got to step inside an Afeela, the Sony Honda collaboration that is stuffed with technology",https://www.techradar.com/vehicle-tech/hybrid-electric-vehicles/i-sat-inside-an-afeela-and-i-am-so-ready-for-this-sony-honda-mobility-ev-future,2024-11-13 20:20:26+00:00,"Sony Afeela might be just what this sleeping self-driving EV industry needs. There, I said it, and it's a change of heart that comes from finally sitting inside the prototype collaboration between So… [+7201 chars]",TESLA
"{'id': None, 'name': 'Gizmodo.com'}",Todd Feathers,"If Elon Musk Joins the Government, What Will He Have to Disclose About His Wealth?",Jordan Libowitz from Citizens for Responsibility and Ethics in Washington on Elon Musk and Vivek Ramaswamy's potential ethical obligations.,https://gizmodo.com/if-elon-musk-joins-the-government-what-will-he-have-to-disclose-about-his-wealth-2000524175,2024-11-13 20:10:27+00:00,"Governing by tweet, President-Elect Donald Trump’s administration announced Tuesday night that Elon Musk and Vivek Ramaswamy will co-lead a new Department of Government Efficiency, where they will “d… [+5836 chars]",TESLA
"{'id': 'abc-news', 'name': 'ABC News'}",MARYCLAIRE DALE Associated Press,"Prosecutor failed to show that Musk’s $1M-a-day sweepstakes was an illegal lottery, judge says",A Philadelphia judge said the $1 million voter sweepstakes linked to Elon Musk was allowed to continue through Election Day because prosecutors failed to show that it was an illegal lottery,https://abcnews.go.com/US/wireStory/prosecutor-failed-show-musks-1m-day-sweepstakes-illegal-115834478,2024-11-13 20:06:52+00:00,PHILADELPHIA -- The $1 million voter sweepstakes linked to billionaire Elon Musk was allowed to continue through Election Day because Philadelphias top prosecutor failed to show that it was an illega… [+1499 chars],TESLA
"{'id': None, 'name': '[Removed]'}",,[Removed],[Removed],https://removed.com,2024-11-13 20:01:07+00:00,[Removed],TESLA
"{'id': None, 'name': 'Yahoo Entertainment'}",Daniel Howley,Trump’s second term will have enormous implications for Big Tech. Here's why.,"When President-elect Trump takes office in January, he'll be forced to tackle a slew of major tech policy questions.",https://finance.yahoo.com/news/trumps-second-term-will-have-enormous-implications-for-big-tech-heres-why-200000413.html,2024-11-13 20:00:00+00:00,"The technology industry will face serious questions about some of its biggest issues when Donald Trump takes office in January.
The president-elect will have a say on a range of topics including AI … [+6942 chars]",TESLA
"{'id': None, 'name': 'Bleeding Cool News'}",Rich Johnston,"Elon Musk, The Graphic Novel You Can Only Read In French","Darryl Cunningham is a British graphic novelist, who has written and drawn Psychiatric Tales and Science Tales, also known as How to Fake a Moon Landing, The Age of Selfishness, Putin's Russia and Billionaires: The Lives of the Rich and Powerful. His latest w…",https://bleedingcool.com/comics/elon-musk-graphic-novel-only-read-french/,2024-11-13 19:57:09+00:00,"Posted in: Comics, Current News | Tagged: Darryl Cunningham, elon musk
Darryl Cunningham, British graphic novelist, has written a new book about Elon Musk but can only get it published in French.
<… [+2472 chars]",TESLA
"{'id': None, 'name': 'Hip-Hop Wired'}",Tron Snow,Donald Trump Appoints Elon Musk & Vivek Ramaswamy To Head “DOGE” Office To Cut “Wasteful” Government Spending,Donald Trump confirms Elon Musk will head new DOGE office to help cut government spending. Social media says that doesn't sound efficient.,https://hiphopwired.com/playlist/donald-trump-elon-musk-vivek-ramaswamy-doge-office-reactions/,2024-11-13 19:54:22+00:00,"HipHopWired Featured Video
Source: JIM WATSON / Getty / Elon Musk
Let the grift begin. Felon 47, aka President-Elect Donald Trump, is not wasting any time getting his corrupt administration togethe… [+2132 chars]",TESLA
"{'id': None, 'name': 'Twistedsifter.com'}",Matthew Gilligan,"DoorDash Driver Was Seen Making Deliveries In A Tesla Cybertruck. – ‘A $120,000 vehicle doing DoorDash? I’ve seen it all.’",You don't see that every day!,http://twistedsifter.com/2024/11/doordash-driver-was-seen-making-deliveries-in-a-tesla-cybertruck-a-120000-vehicle-doing-doordash-ive-seen-it-all/,2024-11-13 19:47:36+00:00,"I got an Uber ride recently and the guy who picked me up in a brand new Tesla.
I thought it was unusual, but I guess he’s not the only driver out there who’s rolling in an expensive whip.
A TikTokk… [+1007 chars]",TESLA
"{'id': 'the-times-of-india', 'name': 'The Times of India'}",The Feed,"Guest who does not want to go home? Reports say, post Donald Trump victory in U.S election, Elon Musk hasn't left Mar-a-Lago",Recent reports have claimed that the Tesla CEO and pro-Trump supporter Elon Musk is turning himself into a guest who is pretty frequently visiting Mar-a-Lago and staying in close touch with US President- elect Donald Trump every day following the US President…,https://economictimes.indiatimes.com/news/international/us/guest-who-does-not-want-to-go-home-reports-say-post-donald-trump-victory-in-u-s-election-elon-musk-hasnt-left-mar-a-lago/articleshow/115268484.cms,2024-11-13 19:43:40+00:00,"Office Productivity
Mastering Microsoft Office: Word, Excel, PowerPoint, and 365
By - Metla Sudha Sekhar, IT Specialist and Developer
View Program",TESLA
"{'id': 'the-times-of-india', 'name': 'The Times of India'}",The Feed,Elon Musk and Donald Trump to fallout in the future? CNN contributor says the President elect may not be willing to share spotlight with Tesla CEO,"Elon Musk and Donald Trump, two of the world's most influential figures, may soon face a fallout, according to Silicon Valley journalist Kara Swisher. Appearing on CNN’s The Chris Wallace Show, Swisher warned that the two narcissistic personalities will strug…",https://economictimes.indiatimes.com/news/international/us/elon-musk-and-donald-trump-to-fallout-in-the-future-cnn-contributor-says-the-president-elect-may-not-be-willing-to-share-spotlight-with-tesla-ceo/articleshow/115268327.cms,2024-11-13 19:36:40+00:00,"Marketing
Future of Marketing &amp; Branding Masterclass
By - Dr. David Aaker, Professor Emeritus at the Haas School of Business, UC Berkeley, Author | Speaker | Thought Leader | Branding Consultan… [+14 chars]",TESLA
"{'id': None, 'name': 'Digital Journal'}",AFP,‘First Buddy’: Musk takes unusual star role with Trump,"As Donald Trump prepares his return to the White House, one of his most omnipresent confidants has been not his running mate or wife but a fellow brash billionaire, Elon Musk.  Since campaigning for Trump — with such enthusiasm that Musk literally jumped in t…",https://www.digitaljournal.com/world/first-buddy-musk-takes-unusual-star-role-with-trump/article,2024-11-13 19:27:50+00:00,"Tesla and SpaceX CEO Elon Musk exults during a Donald Trump rally in Pennsylvania in October 2024 -- the pair have become fast friends - Copyright AFP/File Jim WATSON
As Donald Trump prepares his re… [+3854 chars]",TESLA
"{'id': None, 'name': 'The Daily Dot'}",Lindsey Weedston,What’s up with all those Elon Musk First Lady memes?,"Elon Musk First Lady memes show the Twitter owner dressed as a woman and declare him the new Melania to mock him for cozying up to former and future President Donald Trump. Following the election, Musk ingratiated himself among the Trump family and incoming a…",https://www.dailydot.com/memes/elon-musk-first-lady/,2024-11-13 19:23:41+00:00,"Elon Musk First Lady memes show the Twitter owner dressed as a woman and declare him the new Melania to mock him for cozying up to former and future President Donald Trump. Following the election, Mu… [+3704 chars]",TESLA
"{'id': None, 'name': 'BBC News'}",,Will Elon Musk be able to cut $2 trillion from US government spending?,The Tesla CEO claimed he could slash US spending by eradicating “waste”.,https://www.bbc.com/news/articles/cdj38mekdkgo,2024-11-13 19:20:38+00:00,"Elon Musk will co-head a new Department of Government Efficiency
The boss of Tesla and the social media site X, Elon Musk, suggested last month at Donald Trumps rally in New York City that it would … [+4979 chars]",TESLA
"{'id': None, 'name': 'Biztoc.com'}",teslarati.com,gets positive forecast from Jim Cramer: “That one has legs”,"Mad Money host Jim Cramer recently shared his thoughts on a number of stocks that were making notable moves following the election of Donald Trump as the United States’ 47th president, including electric vehicle maker Tesla. As per Cramer, Tesla stock’s (NASD…",https://biztoc.com/x/42d203ab7d4673e1,2024-11-13 19:18:10+00:00,"Mad Money host Jim Cramer recently shared his thoughts on a number of stocks that were making notable moves following the election of Donald Trump as the United States 47th president, including elect… [+150 chars]",TESLA
"{'id': 'breitbart-news', 'name': 'Breitbart News'}","Hannah Knudsen, Hannah Knudsen",Donald Trump Makes White House Senior Staff Announcements: 'Best in Class',"President-elect Donald Trump announced members of his White House senior staff on Wednesday.
The post Donald Trump Makes White House Senior Staff Announcements: ‘Best in Class’ appeared first on Breitbart.",https://www.breitbart.com/politics/2024/11/13/donald-trump-makes-white-house-senior-staff-announcements-best-class/,2024-11-13 19:15:56+00:00,"President-elect Donald Trump announced on Wednesday members of his White House senior staff for his upcoming administration.
According to the formal press release, Trump chose these top advisers fro… [+1905 chars]",TESLA
"{'id': None, 'name': 'Futurism'}",Ashley Bardhan,Trump Team Reportedly Getting Fed Up With Elon Musk's Weird Behavior,"White House Down  Babyish billionaire Elon Musk and Donald Trump have been growing closer recently, though the President-elect's team is reportedly weary of their relationship.  “He’s behaving as if he’s a co-president and making sure everyone knows it,” one …",https://futurism.com/the-byte/elon-musk-donald-trump-weird,2024-11-13 19:14:39+00:00,"Musk is ""behaving as if hes a co-president.""
White House Down 
SpaceX and Tesla CEO Elon Musk and president-elect Donald Trump became inseparable toward the end of the election but as the bromance … [+2006 chars]",TESLA
"{'id': None, 'name': 'Decrypt'}",Mathew Di Salvo,Elon Musk and Dogecoin: How the Billionaire Became the 'Dogefather',"Dogecoin was once a joke, but the meme coin gained traction after Elon Musk backed it. Now he's set to co-lead a D.O.G.E. government agency. Here's a look back.",https://decrypt.co/291361/elon-musk-dogecoin-timeline-explained,2024-11-13 19:13:08+00:00,"As Dogecoin makes a comeback off the back of Bitcoins surge, some may be pondering: Where did the asset come from? Whats it for? And whats Tesla CEO Elon Musk got to do with it? 
The original meme c… [+5369 chars]",TESLA
"{'id': None, 'name': '[Removed]'}",,[Removed],[Removed],https://removed.com,2024-11-13 19:10:17+00:00,[Removed],TESLA
"{'id': 'msnbc', 'name': 'MSNBC'}",Zeeshan Aleem,Elon Musk had no business joining a call between these heads of state,Elon Musk jumping onto a call between President-elect Donald Trump and Ukrainian President Volodymyr Zelenskyy reflects Trump's reckless approach to diplomacy.,https://www.msnbc.com/opinion/msnbc-opinion/elon-musk-trump-zelenskyy-phone-call-ukraine-russia-rcna179871,2024-11-13 19:06:57+00:00,"When President-elect Donald Trump spoke on the phone with Ukrainian President Volodymyr Zelenskyy after winning the election last week, a surprising guest joined the call: Tesla CEO Elon Musk. Presid… [+4948 chars]",TESLA
"{'id': 'cbs-news', 'name': 'CBS News'}",Kate Gibson,"The Guardian to stop posting on X, calling it ""a toxic media platform""","The Guardian says benefits of being on Elon Musk's social media platform X are outweighed by its ""often disturbing content.""",https://www.cbsnews.com/news/x-elon-musk-guardian/,2024-11-13 19:05:57+00:00,"The Guardian will no longer post its content under its official account on X, the British newspaper announced on Wednesday.
The Guardian stated the move had been under consideration for a while, ""gi… [+2006 chars]",TESLA
"{'id': None, 'name': 'CNBC'}",,John Thune elected Senate majority leader,President-elect Donald Trump did not endorse a candidate to replace Sen. Mitch McConnell as the Senate Republican leader.,https://www.cnbc.com/2024/11/13/senate-majority-leader-vote-trump-election.html,2024-11-13 19:03:48+00:00,"Republicans elected Sen. John Thune of South Dakota to be the Senate majority leader on Wednesday.
Thune defeated Sen. John Cornyn of Texas and Sen. Rick Scott of Florida to replace Sen. Mitch McCon… [+1493 chars]",TESLA
"{'id': None, 'name': 'Nakedcapitalism.com'}",Lambert Strether,2:00PM Water Cooler 11/13/2024,"~ Today's Water Cooler: Politics, Syndemics; Trump DOD pick Hegseth; Thomas Frank has risen from the grave; Deploy the Blame Cannons Boeing layoffs, DEI axed; Sun Slated To Be Dimmed by Tech Bros ~",https://www.nakedcapitalism.com/2024/11/200pm-water-cooler-11-13-2024.html,2024-11-13 19:00:46+00:00,"By Lambert Strether of Corrente.
Bird Song of the Day
Northern Mockingbird, Brewer park, Miami-Dade, Florida, United States.
Beautiful:
Last nights radar from the Netherlands. An explosion of bir… [+34043 chars]",TESLA
"{'id': None, 'name': 'Electrek'}",Reinette LeJeune,"Heybike Cityrun e-bike $600 off for Black Friday, ENGWE E26 e-bike hits new $849 low, Segway Ninebot, EGO Power+, more","Today’s Green Deals are once again overwhelmingly EV-minded, with Heybike’s Cityrun Urban Commuter e-bike taking the lead at its $999 low and coming with some free gear, among the other models in the brand’s Black Friday sale. Next, we spotted ENGWE’s E26 Dua…",http://electrek.co/2024/11/13/heybike-cityrun-e-bike-600-off-for-black-friday-engwe-e26-e-bike-hits-new-849-low-segway-ninebot-ego-power-more/,2024-11-13 19:00:00+00:00,"Today’s Green Deals are once again overwhelmingly EV-minded, with Heybike’s Cityrun Urban Commuter e-bike taking the lead at its $999 low and coming with some free gear, among the other models in the… [+10285 chars]",TESLA
"{'id': None, 'name': 'New York Post'}",Charles Gasparino,"DOGE dynamic duo Elon Musk, Vivek Ramaswamy could slash government jobs with private sector methods",One move under consideration is doling out severance packages. Businesses do this all the time.,https://nypost.com/2024/11/13/business/elon-musk-vivek-ramaswamy-could-use-private-sector-methods-to-slash-government-jobs/,2024-11-13 18:57:59+00:00,"If you work for the federal government, theres a good chance you could be getting a pink slip or at least a severance package before getting shown the door in the new Trump Administration, On The Mon… [+2674 chars]",TESLA
"{'id': None, 'name': 'Electrek'}",Fred Lambert,"Tesla now has ready-to-deliver Cybertruck inventory, demand issues?",Tesla is now offering ready-to-deliver Cybertrucks in its new vehicle inventory as it clearly isn’t working with a reservation backlog...,http://electrek.co/2024/11/13/tesla-now-has-ready-to-deliver-cybertruck-inventory-demand-issues/,2024-11-13 18:56:22+00:00,"Tesla is now offering ready-to-deliver Cybertrucks in its new vehicle inventory as it clearly isn’t working with a reservation backlog anymore.
Despite its polarizing nature, we have often noted tha… [+2487 chars]",TESLA
"{'id': None, 'name': 'Biztoc.com'}",finance.yahoo.com,What Elon Musk and Vivek Ramaswamy could abolish in the name of government efficiency,"In This Article:
President-elect Donald Trump has charged Tesla (TSLA) CEO Elon Musk and former Presidential candidate Vivek Ramaswamy with cutting government spending and ""making changes to the Federal Bureaucracy with an eye on efficiency.""
Years of comment…",https://biztoc.com/x/5d6e4d8a1ac3d62b,2024-11-13 18:56:05+00:00,"In This Article:President-elect Donald Trump has charged Tesla (TSLA) CEO Elon Musk and former Presidential candidate Vivek Ramaswamy with cutting government spending and ""making changes to the Feder… [+156 chars]",TESLA
"{'id': None, 'name': 'seattlepi.com'}","By STAN CHOE, AP Business Writer",Bull doge! Dogecoin soars as Trump announces a government efficiency group nicknamed DOGE,"Dogecoin is surging in value since Donald Trump won the presidential election. The cryptocurrency, whose mascot is a super-cute dog that muses things like “much wow,” has more than doubled since Election Day. The latest bump came after Trump named Tesla’s Elo…",https://www.seattlepi.com/business/article/bull-doge-dogecoin-soars-as-trump-announces-a-19913173.php,2024-11-13 18:55:50+00:00,"FILE - This mobile phone app screen shot shows the logo for Dogecoin, in New York, April 20, 2021.Richard Drew/AP
NEW YORK (AP) Wow, much bull market.
Dogecoin, the cryptocurrency whose mascot is a… [+3269 chars]",TESLA
"{'id': None, 'name': 'CNBC'}",,Tesla initiates sixth Cybertruck recall in a year,"Tesla is voluntarily recalling 2,431 Cybertrucks to replace defective drive inverters, according to a filing with the National Highway Traffic Administration.",https://www.cnbc.com/2024/11/13/tesla-initiates-sixth-cybertruck-recall-in-a-year.html,2024-11-13 18:43:17+00:00,"Tesla is recalling 2,431 Cybertrucks to replace defective drive inverters, according to notices made public by the National Highway Traffic Administration on Wednesday.
It's the sixth recall of the … [+1935 chars]",TESLA
"{'id': 'rt', 'name': 'RT'}",RT,Tesla to recall thousands of Сybertrucks,EV maker Tesla is recalling thousands of its Cybertrucks due to a drive-inverter issue that potentially increases the risk of a crash Read Full Article at RT.com,https://www.rt.com/news/607594-tesla-cybertruck-recall-us/,2024-11-13 18:40:38+00:00,"Electric vehicle manufacturer Tesla is recalling 2,431 Cybertrucks in the US due to an issue with its drive inverter, which potentially increases the risk of a crash. The Elon Musk company’s filing w… [+1786 chars]",TESLA
"{'id': None, 'name': 'Electrek'}",Peter Johnson,"Honda Prologue, Chevy Equinox bump EV incentives to new record","As the incentives and discounts pile up, electric vehicle prices often rival, or even undercut, comparable gas models. With new...",http://electrek.co/2024/11/13/honda-prologue-chevy-equinox-bump-ev-incentives-to-new-record/,2024-11-13 18:39:30+00:00,"As the incentives and discounts pile up, electric vehicle prices often rival, or even undercut, comparable gas models. With new models, like the Honda Prologue and Chevy Blazer EV rolling out, incent… [+3015 chars]",TESLA
"{'id': None, 'name': 'The New Yorker'}",Kyle Chayka,How Elon Musk Rebranded Trump,"Kyle Chayka on the alliance between tech billionaire Elon Musk and President-elect Donald Trump, and what it could mean for Trump’s incoming Administration.",https://www.newyorker.com/culture/infinite-scroll/how-elon-musk-rebranded-trump,2024-11-13 18:27:12+00:00,"By the end of Donald Trumps campaign for a second Presidency, he was part of a package deal. The Trump ticket represented not only Trump and his running mate, J. D. Vance, or not just them, but also … [+9114 chars]",TESLA
"{'id': None, 'name': 'redmondpie.com'}",Oliver Haslam,Trump Appoints Elon Musk To New DOGE Office For Cutting Wasteful Government Expenses,"Trump has appointed Elon Musk to a new DOGE office to cut wasteful government expenses. Here are all the details on this.
The post Trump Appoints Elon Musk To New DOGE Office For Cutting Wasteful Government Expenses first appeared on Redmond Pie.",https://www.redmondpie.com/trump-appoints-elon-musk-to-new-doge-office-for-cutting-wasteful-government-expenses/,2024-11-13 18:18:05+00:00,Following the news that Donald Trump will take over as president of the United States early next year he has spent the last few days confirming who will take on the country’s top jobs once that happe… [+1598 chars],TESLA
"{'id': None, 'name': 'TMZ'}",TMZ Staff,Don Lemon Not Worried About Elon Musk's Influence on Donald Trump,"Don Lemon isn't losing sleep over Elon Musk's influence on President-elect Donald Trump ... though, he does think people should be concerned about billionaires' control of the media. We caught up with the newsman at LAX a day before he announced…
 Permalink",https://www.tmz.com/2024/11/13/don-lemon-not-worried-about-elon-musk-influence-on-trump/,2024-11-13 18:09:34+00:00,"Don Lemon isn't losing sleep over Elon Musk's influence on President-elect Donald Trump ... though, he does think people should be concerned about billionaires' control of the media.
We caught up wi… [+1732 chars]",TESLA
"{'id': None, 'name': 'Biztoc.com'}",nytimes.com,Tesla Issues Sixth Cybertruck Recall This Year,"Tesla has issued six recalls for its stainless steel Cybertruck so far this year, one of which involved more than 27,100 vehicles.",https://biztoc.com/x/9cd24fa4ba609d46,2024-11-13 18:00:47+00:00,"Tesla has issued six recalls for its stainless steel Cybertruck so far this year, one of which involved more than 27,100 vehicles.
This story appeared on nytimes.com, 2024-11-13 17:55:44.",TESLA
"{'id': None, 'name': 'Variety'}",Tatiana Siegel,Joe Rogan and the Fifth Estate: How the Podcaster and a Group of Cable News Exiles Became More Powerful Than Traditional Media,"Did a motley crew of traditional media defectors and outcasts led by Joe Rogan, Megyn Kelly and Tucker Carlson help tip the scales for Donald Trump’s win over Kamala Harris — and shatter the paradigm of an influential fourth estate in the process? As far as C…",https://variety.com/2024/tv/news/joe-rogan-megyn-kelly-podcasts-shaped-election-1236208937/,2024-11-13 18:00:00+00:00,"Did a motley crew of traditional media defectors and outcasts led by Joe Rogan, Megyn Kelly and Tucker Carlson help tip the scales for Donald Trump’s win over Kamala Harris — and shatter the paradigm… [+12039 chars]",TESLA
"{'id': None, 'name': '[Removed]'}",,[Removed],[Removed],https://removed.com,2024-11-13 17:37:52+00:00,[Removed],TESLA
"{'id': None, 'name': 'Westernjournal.com'}",Joe Saunders,"Watch: Trump Makes His 'Triumphant Return' to Washington, DC","""We are witnessing history unfold before our eyes!"" one social media user wrote. It caught the conservative reactions perfectly.",https://www.westernjournal.com/watch-trump-makes-triumphant-return-washington-dc/,2024-11-13 17:37:30+00:00,"It was a scene that made conservatives celebrate — and caused liberals’ blood to boil.
President-elect Donald Trump strode down the steps of an airplane Wednesday morning, making a victor’s entrance… [+2671 chars]",TESLA
"{'id': None, 'name': 'Fark.com'}",,"Tax tips for Cybertruck owners: you can claim depreciation on the service bay at the Tesla dealer as a ""detached garage"", and claim your monthly mileage back and forth for recall repairs [Fail]","Tax tips for Cybertruck owners: you can claim depreciation on the service bay at the Tesla dealer as a ""detached garage"", and claim your monthly mileage back and forth for recall repairs",https://www.fark.com/comments/13461724/Tax-tips-for-Cybertruck-owners-you-can-claim-depreciation-on-service-bay-at-Tesla-dealer-as-a-detached-garage-claim-your-monthly-mileage-back-forth-for-recall-repairs,2024-11-13 17:35:07+00:00,"The problem is a faulty drive unit inverter, which stranded a Cybertruck at the end of July.The subject population includes certain Model Year (MY) 2024 Cybertruck vehicles manufactured between Novem… [+360 chars]",TESLA
"{'id': 'business-insider', 'name': 'Business Insider'}",kcloonan@insider.com (Kelly Cloonan),Non-US stocks have seen their sharpest sell-off since August on fears over Trump's tariffs,"While US shares have rallied since the election, non-US stocks have stumbled as investors brace for the potential impact of a new trade war under Trump.",https://markets.businessinsider.com/news/stocks/international-stocks-sell-off-trump-tariffs-gdp-trade-economic-outlook-2024-11,2024-11-13 17:26:32+00:00,"Donald Trump's win has sent US stocks on a tear, but for equities in the rest of the world, it's sparked a sell-off on fears of a widespread economic downturn due to tariff risks.
An MSCI index of l… [+1960 chars]",TESLA
"{'id': None, 'name': 'Sputnikglobe.com'}",Ekaterina Blinova,Sputnik's Fact-Check: Is Trump's White House Chief of Staff a Big Pharma Lobbyist?,"GOP strategist Susi Wiles, who was tapped by President-elect Donald Trump for the position of White House chief of staff, came under criticism on X for being ""a Big Pharma lobbyist"" promoting Bill Gates’ Gavi, Gilead, and Pfizer, to name just a few. For MAGA …",https://sputnikglobe.com/20241113/sputniks-fact-check-is-trumps-white-house-chief-of-staff-a-big-pharma-lobbyist-1120878534.html,2024-11-13 17:24:08+00:00,"Sputnik brings you all the latest breaking stories, expert analysis and videos from North and South America.
https://sputnikglobe.com/20241113/sputniks-fact-check-is-trumps-white-house-chief-of-staf… [+3703 chars]",TESLA
"{'id': 'the-times-of-india', 'name': 'The Times of India'}",Reuters,"Donald Trump picks Elon Musk, Vivek Ramaswamy to lead 'dept of govt efficiency'","Trump said that Musk and Ramaswamy ""will pave the way for my Administration to dismantle Government Bureaucracy, slash excess regulations, cut wasteful expenditures, and restructure Federal Agencies."" He added that the new department will realize long-held Re…",https://economictimes.indiatimes.com/news/international/world-news/donald-trump-picks-elon-musk-vivek-ramaswamy-to-lead-dept-of-govt-efficiency/articleshow/115265380.cms,2024-11-13 17:23:40+00:00,"Artificial Intelligence(AI)
AI and Analytics based Business Strategy
By - Tanusree De, Managing Director- Accenture Technology Lead, Trustworthy AI Center of Excellence: ATCI
View Program",TESLA
"{'id': None, 'name': ""Investor's Business Daily""}","VIDYA RAMAKRISHNAN, Investor's Business Daily",Dow Jones Rises As Nvidia-Backed AI Stock Dives; SMCI Falls Further As Deadline Looms (Live Coverage),"The Dow rose after inflation data, as an Nvidia-backed AI-stock dropped despite an earnings beat. Super Micro fell on the stock market today.",https://www.investors.com/market-trend/stock-market-today/dow-jones-sp500-nasdaq-nvidia-backed-ai-stock-super-micro/,2024-11-13 17:16:10+00:00,"After a tepid opening, the Dow Jones Industrial Average made significant progress at midday Wednesday as an inflation report showed price gains were in line with estimates. Meanwhile, a company backe… [+4957 chars]",TESLA
"{'id': None, 'name': 'NPR'}",Deirdre Walsh,Republicans choose John Thune as next Senate majority leader,"Senate Republicans have chosen Sen. John Thune, R-S.D., as the next party leader, launching a new era for the GOP after nearly two decades with Sen. Mitch McConnell, R-Ky., leading the party in the Senate.",https://www.npr.org/2024/11/13/nx-s1-5188585/house-senate-republican-leadership,2024-11-13 17:15:14+00:00,Senate Republicans elected South Dakota Senator John Thune to serve as Senate Majority Leader when the new Congress convenes in January. He'll be the point person shepherding President-elect Donald T… [+2518 chars],TESLA
"{'id': None, 'name': 'Slashdot.org'}",feedfeeder,"Tesla is recalling 2,431 Cybertrucks, and this time there’s no software fix",Owners of the affected trucks will require replacement hardware.,https://slashdot.org/firehose.pl?op=view&amp;id=175463937,2024-11-13 17:13:03+00:00,The Fine Print: The following comments are owned by whoever posted them. We are not responsible for them in any way.,TESLA
"{'id': None, 'name': 'HYPEBEAST'}",info@hypebeast.com (Hypebeast),Tesla Recalls Cybertruck for Sixth Time This Year,"Tesla has once again recalled its Cybertrucks, marking the sixth recall of 2024.Impacting vehicles produced between November 2023 and July 2024, 2,431 Cybertrucks have been recalled, though only 1% are expected to have the defect, Jalopnik reported. According…",https://hypebeast.com/2024/11/tesla-cybertruck-sixth-recall-2024,2024-11-13 17:11:19+00:00,"Tesla has once again recalled its Cybertrucks, marking the sixth recall of 2024.
Impacting vehicles produced between November 2023 and July 2024, 2,431 Cybertrucks have been recalled, though only 1%… [+608 chars]",TESLA
"{'id': None, 'name': '[Removed]'}",,[Removed],[Removed],https://removed.com,2024-11-13 17:09:56+00:00,[Removed],TESLA
"{'id': None, 'name': 'Electrek'}",Peter Johnson,Hyundai confirms IONIQ 9 SUV debut date while teasing first look at its ‘lounge-like’ interior,"Hyundai will finally unveil its first three-row electric SUV, the IONIQ 9, at the LA Auto Show next week. With its debut around the corner, we are getting a sneak peek at the SUV’s “lounge-like” interior.



 more…",http://electrek.co/2024/11/13/hyundai-confirms-ioniq-9-debut-teasing-lounge-like-interior/,2024-11-13 17:04:34+00:00,"Hyundai will finally unveil its first three-row electric SUV, the IONIQ 9, at the LA Auto Show next week. With its debut around the corner, we are getting a sneak peek at the SUV’s “lounge-like” inte… [+3180 chars]",TESLA
"{'id': None, 'name': 'HuffPost'}",AP,"Donald Trump And Joe Biden Meet At White House, Commit To Smooth Transition Of Power","“Donald, congratulations,” Biden said, greeting Trump with a handshake and adding that he looked “forward to a smooth transition.”",https://www.huffpost.com/entry/donald-trump-joe-biden-meet-white-house-transition_n_6734d7a7e4b0b5b61d3f5c50,2024-11-13 16:51:50+00:00,"WASHINGTON (AP) Donald Trump made a victors return to Washington on Wednesday, visiting the White House for an Oval Office meeting with Democratic President Joe Biden and committing to a smooth trans… [+8188 chars]",TESLA
"{'id': None, 'name': 'NDTV News'}",Agence France-Presse,"Power Transition Will Be ""As Smooth As You Can Get"", Says Trump",US President-elect Donald Trump thanked President Joe Biden for pledging a smooth transfer of power as the victorious Republican made a historic return visit to the White House on Wednesday.,https://www.ndtv.com/world-news/trump-thanks-biden-for-pledge-of-smooth-power-transfer-at-white-house-7012701,2024-11-13 16:46:16+00:00,Washington: US President-elect Donald Trump thanked President Joe Biden for pledging a smooth transfer of power as the victorious Republican made a historic return visit to the White House on Wednesd… [+3860 chars],TESLA
"{'id': None, 'name': 'Foreign Policy'}",Lizzi C. Lee,Beijing Has Already Prepared for Trump’s Return,China is readying for known challenges and unknown risks.,https://foreignpolicy.com/2024/11/13/china-trump-xi-jinping-tariffs/,2024-11-13 16:44:00+00:00,"As U.S. President-elect Donald Trump prepares to return to the White House, global observers watch with a mix of nervousness and caution. Conversations with Chinese academics, economists, and policy … [+14041 chars]",TESLA
"{'id': None, 'name': 'Marketplace.org'}",Marketplace / David Brancaccio and Leanna Byrne,October inflation numbers meet forecast,"According to the latest CPI numbers out on Wednesday, prices rose 0.2% in October and were 2.6% higher than they were a year ago. But wage growth continues to outpace inflation. As Americans are seeing a rise in disposable income, we’ll look at how it’s helpi…",https://www.marketplace.org/shows/marketplace-morning-report/october-inflation-numbers-meet-forecast/,2024-11-13 16:42:23+00:00,"Trump's new advisory group
President-elect Donald Trump says Tesla, SpaceX and X chief Elon Musk and Vivek Ramaswamy, a pharmaceutical entrepreneur who ran as a Republican for president, will lead a… [+230 chars]",TESLA
"{'id': None, 'name': 'The Punch'}",Agency Report,Trump returns to White House for meeting with Biden,"Donald Trump will make a return to the White House to meet President Joe Biden on Wednesday, in the Republican’s first visit since departing under a torrent of scandal nearly four years ago. Trump’s meeting with Biden comes as he moves swiftly to name his adm…",https://punchng.com/trump-returns-to-white-house-for-meeting-with-biden/,2024-11-13 16:41:38+00:00,"Donald Trump will make a return to the White House to meet President Joe Biden on Wednesday, in the Republican’s first visit since departing under a torrent of scandal nearly four years ago.
Trump’s… [+3839 chars]",TESLA
"{'id': None, 'name': 'DW (English)'}",John Silk,The Guardian newspaper quits 'toxic' X,"UK daily The Guardian says it will stop posting from its ""official editorial accounts"" on X but users can still ""share"" articles from the daily newspaper on the social media platform formerly known as Twitter.",https://www.dw.com/en/uk-the-guardian-newspaper-quits-x/a-70772293,2024-11-13 16:38:00+00:00,"British daily newspaper The Guardian said on Wednesday it would no longer be posting content on the social media platform X, formerly known as Twitter.
The newspaper posted a statement on its websit… [+2990 chars]",TESLA
"{'id': None, 'name': 'DW (English)'}",John Silk,The Guardian says its quitting X due to its 'toxic' nature,"UK daily The Guardian has said it will stop posting from its ""official editorial accounts"" on X but users can still ""share"" articles from the daily newspaper on the social media platform formerly known as Twitter.",https://www.dw.com/en/the-guardian-says-its-quitting-x-due-to-its-toxic-nature/a-70772293,2024-11-13 16:38:00+00:00,"British daily newspaper The Guardian said on Wednesday it would no longer be posting content on the social media platform X, formerly known as Twitter.
The newspaper posted a statement on its websit… [+2990 chars]",TESLA
"{'id': None, 'name': 'NDTV News'}",Reuters,Explained: How Musk's US Government Efficiency Panel Might Work,"Donald Trump has tasked Elon Musk with setting up a panel to streamline the US government. Although the president-elect has said little about how this group would operate, Musk has previously set an ambitious goal of cutting $2 trillion of spending.",https://www.ndtv.com/world-news/how-us-governments-efficiency-panel-headed-by-elon-musk-might-work-7012643,2024-11-13 16:35:56+00:00,"Washington: Donald Trump has tasked Elon Musk with setting up a panel to streamline the US government. Although the president-elect has said little about how this group would operate, Musk has previo… [+5558 chars]",TESLA
"{'id': None, 'name': 'New York Post'}",Joe Durbin,Lara Trump is the top choice to replace Marco Rubio as Florida senator: ‘She needs to make a decision’,Those close to the 42-year-old mother of two claim she is Florida Gov. Ron DeSantis’ definitive top choice.,https://nypost.com/2024/11/13/us-news/lara-trump-is-the-top-choice-to-replace-marco-rubio-as-florida-senator-she-needs-to-make-a-decision/,2024-11-13 16:34:13+00:00,"President-elect Donald Trump is tapping Florida Sen. Marco Rubio as the next secretary of state, and the Capitol Hill vacancy created could soon be filled by a quite literally familiar name, The Post… [+1852 chars]",TESLA
"{'id': 'the-times-of-india', 'name': 'The Times of India'}",PTI,Vivek Ramaswamy's journey from bright son of immigrants to being Donald Trump's pick,"Vivek Ramaswamy, a biotech entrepreneur and former Republican presidential candidate, has been appointed by President-elect Donald Trump to lead the Department of Government Efficiency alongside Elon Musk. Ramaswamy, the son of Indian immigrants, previously f…",https://economictimes.indiatimes.com/news/international/world-news/vivek-ramaswamys-journey-from-bright-son-of-immigrants-to-being-donald-trumps-pick/articleshow/115264305.cms,2024-11-13 16:32:22+00:00,"Vivek Ramaswamy, who has been tasked by US President-elect Donald Trump along with Tesla owner Elon Musk with improving government efficiency, is a self-made entrepreneur who tried his luck as a Repu… [+4585 chars]",TESLA
"{'id': None, 'name': 'Jalopnik'}",Owen Bellwood,Fiery Tesla Crash Traps And Kills Four After Electric Doors Couldn’t Open,Four people were killed in a fire after a Tesla Model Y lost control and hit a pillar in Toronto last month. The four people were reportedly unable to open...,https://jalopnik.com/fiery-tesla-crash-traps-and-kills-four-after-electric-d-1851697336?utm_source=YPL,2024-11-13 16:30:00+00:00,"Four people were killed in the crash and one made it out alive. - Screenshot: CityNews via YouTube
Four people were killed in a fire after a Tesla Model Y lost control and hit a pillar in Toronto la… [+2906 chars]",TESLA
"{'id': None, 'name': 'Jalopnik'}",Owen Bellwood,Fiery Tesla Crash Traps And Kills Four After Electric Doors Couldn’t Open,Four people were killed in a fire after a Tesla Model Y lost control and hit a pillar in Toronto last month. The four people were reportedly unable to open the doors of the car after it caught fire and a fifth passenger only survived the crash after onlookers…,https://jalopnik.com/fiery-tesla-crash-traps-and-kills-four-after-electric-d-1851697336,2024-11-13 16:30:00+00:00,Four people were killed in a fire after a Tesla Model Y lost control and hit a pillar in Toronto last month. The four people were reportedly unable to open the doors of the car after it caught fire a… [+2756 chars],TESLA
"{'id': 'business-insider', 'name': 'Business Insider'}","asheffey@businessinsider.com (Ayelet Sheffey,Madison Hoff)",Elon Musk is looking to cut government waste. Here's what the US spends money on right now.,Trump selected Elon Musk and Vivek Ramaswamy to identify areas to cut government spending. The US spends the most on Social Security.,https://www.businessinsider.com/elon-musk-vivek-ramaswamy-doge-government-efficiency-what-us-spends-2024-11,2024-11-13 16:28:25+00:00,"President-elect Donald Trump has chosen his picks to help cut government spending. Areas like transportation and education could face heightened scrutiny.
On Tuesday, Trump selected Tesla CEO Elon M… [+2909 chars]",TESLA
